id,created_by,created_at,operation_type,target_model,detail
2,yaozeliang,2021-07-31 18:19:30.489129+00:00,success,Category,Create Category << Economics >>
3,yaozeliang,2021-07-31 18:19:34.048029+00:00,danger,Category,Delete Category << Economics >>
4,yaozeliang,2021-07-31 18:19:43.235987+00:00,success,Category,Create Category << Finance >>
5,yaozeliang,2021-07-31 18:19:49.226872+00:00,success,Category,Create Category << Historical >>
6,yaozeliang,2021-07-31 18:19:56.921920+00:00,success,Category,Create Category << Fantasy >>
7,yaozeliang,2021-07-31 18:20:02.320264+00:00,success,Category,Create Category << Cooking >>
8,yaozeliang,2021-07-31 18:20:10.285308+00:00,success,Category,Create Category << Computers & Tech >>
9,yaozeliang,2021-07-31 18:20:17.994669+00:00,success,Category,Create Category << Fiction >>
10,yaozeliang,2021-07-31 18:20:31.209350+00:00,success,Category,Create Category << Watch >>
11,yaozeliang,2021-07-31 18:20:36.991122+00:00,success,Category,Create Category << Detective and Mystery >>
12,yaozeliang,2021-07-31 18:20:41.855730+00:00,success,Category,Create Category << Literary Fiction >>
13,yaozeliang,2021-07-31 18:20:55.001399+00:00,success,Category,Create Category << Comic >>
14,yaozeliang,2021-07-31 18:21:19.135675+00:00,success,Publisher,Create Publisher << Pub1 >>
15,yaozeliang,2021-07-31 18:21:27.038166+00:00,success,Publisher,Create Publisher << Pub2 >>
16,yaozeliang,2021-07-31 18:21:36.381148+00:00,success,Publisher,Create Publisher << Pub3 >>
17,yaozeliang,2021-07-31 18:21:53.545761+00:00,success,Publisher,Create Publisher << Pub4 >>
18,yaozeliang,2021-07-31 18:22:29.870355+00:00,success,Book,Create Book << T1 >>
19,yaozeliang,2021-07-31 18:22:50.498076+00:00,success,Book,Create Book << T2 >>
20,yaozeliang,2021-07-31 18:23:14.808896+00:00,success,Book,Create Book << T3 >>
21,yaozeliang,2021-07-31 18:23:39.540955+00:00,success,Book,Create Book << MarkdownTestA >>
22,yaozeliang,2021-07-31 18:24:22.428716+00:00,success,Member,Create Member << test_m1 >>
23,yaozeliang,2021-07-31 18:24:51.604551+00:00,success,Member,Create Member << test_m3 >>
24,admin_1,2021-07-31 18:27:11.110709+00:00,warning,Member,Update Member << test_m3 >>
25,admin_1,2021-07-31 18:27:37.761841+00:00,success,Member,Create Member << test_m2 >>
27,yaozeliang,2021-07-31 20:29:29.452380+00:00,success,Member,Create Member << test_m4 >>
28,admin_2,2021-08-01 14:17:16.566420+00:00,success,Member,Create Member << test_m5 >>
29,admin_2,2021-08-01 14:21:08.038085+00:00,success,Member,Create Member << test_m6 >>
30,admin_2,2021-08-01 14:43:43.075525+00:00,warning,Member,Update Member << test_m6 >>
31,admin_2,2021-08-01 14:45:22.652230+00:00,success,Category,Create Category << Zeliang YAO >>
32,admin_2,2021-08-01 14:46:28.613167+00:00,danger,Category,Delete Category << Zeliang YAO >>
33,yaozeliang,2021-08-01 15:14:28.399617+00:00,warning,Publisher,Update Publisher << Pub4 >>
34,yaozeliang,2021-08-01 19:27:52.556431+00:00,warning,Book,Update Book << T1 >>
35,yaozeliang,2021-08-01 20:57:48.873678+00:00,warning,Member,Update Member << test_m6 >>
36,yaozeliang,2021-08-01 21:00:50.184259+00:00,warning,Book,Update Book << T2 >>
37,admin_1,2021-08-01 21:12:01.573024+00:00,success,Category,Create Category << UUUUUUUUUUUUUU >>
38,admin_1,2021-08-01 21:12:03.986425+00:00,danger,Category,Delete Category << UUUUUUUUUUUUUU >>
39,admin_1,2021-08-01 21:12:36.001877+00:00,warning,Book,Update Book << T2 >>
40,yaozeliang,2021-08-01 21:21:02.282216+00:00,warning,Book,Update Book << T2 >>
41,yaozeliang,2021-08-01 21:21:24.322962+00:00,success,Category,Create Category << Zeliang YAO >>
42,yaozeliang,2021-08-01 21:21:32.004492+00:00,danger,Category,Delete Category << Zeliang YAO >>
43,yaozeliang,2021-08-02 09:50:39.246382+00:00,success,Member,Create Member << test_m5 >>
45,yaozeliang,2021-08-02 17:47:27.397334+00:00,warning,Member,Update Member << test_m5 >>
46,yaozeliang,2021-08-02 17:48:44.161611+00:00,success,BorrowRecord,New BorrowRecord '5' => <<4>>
47,yaozeliang,2021-08-02 17:50:43.225286+00:00,success,Book,Create Book << Harry Potter Children's Collection >>
48,yaozeliang,2021-08-02 18:01:13.651668+00:00,success,BorrowRecord,New BorrowRecord 'test_m7' => <<MarkdownTestA>>
49,yaozeliang,2021-08-02 18:09:29.155525+00:00,success,Book,Create Book << Test Title >>
50,yaozeliang,2021-08-02 18:11:53.485939+00:00,success,BorrowRecord, 'test_m5' borrowed <<Test Title>>
51,yaozeliang,2021-08-02 18:19:38.344158+00:00,danger,BorrowRecord,Delete BorrowRecord 'test_m5' borrowed <<Test Title>>
52,yaozeliang,2021-08-02 18:19:42.791298+00:00,danger,BorrowRecord,Delete BorrowRecord 'test_m7' borrowed <<MarkdownTestA>>
53,yaozeliang,2021-08-02 18:19:46.265092+00:00,danger,BorrowRecord,Delete BorrowRecord 'test_m7' borrowed <<MarkdownTestA>>
54,yaozeliang,2021-08-02 18:19:47.463524+00:00,danger,BorrowRecord,Delete BorrowRecord 'test_m4' borrowed <<Harry Potter Children's Collection>>
55,yaozeliang,2021-08-02 18:19:48.442617+00:00,danger,BorrowRecord,Delete BorrowRecord 'test_m5' borrowed <<Test Title>>
56,yaozeliang,2021-08-02 18:19:49.212430+00:00,danger,BorrowRecord,Delete BorrowRecord 'test_m4' borrowed <<Harry Potter Children's Collection>>
57,yaozeliang,2021-08-02 18:20:48.172398+00:00,danger,BorrowRecord,Delete BorrowRecord 'test_m3' => <<T1>>
58,yaozeliang,2021-08-02 18:22:04.632483+00:00,danger,BorrowRecord,Delete BorrowRecord test_m2
59,yaozeliang,2021-08-02 18:22:05.600985+00:00,danger,BorrowRecord,Delete BorrowRecord test_m4
60,yaozeliang,2021-08-02 18:22:50.912418+00:00,success,BorrowRecord, 'test_m4' borrowed <<Test Title>>
61,yaozeliang,2021-08-02 18:23:17.339410+00:00,success,BorrowRecord, 'test_m7' borrowed <<T2>>
62,yaozeliang,2021-08-03 13:54:39.799967+00:00,success,Member,Create Member << John Brown >>
63,yaozeliang,2021-08-03 13:55:14.533318+00:00,success,Member,Create Member << John Johnson >>
64,yaozeliang,2021-08-03 13:56:03.582954+00:00,success,Member,Create Member << Andrew Green >>
65,yaozeliang,2021-08-03 14:19:03.843759+00:00,danger,BorrowRecord,Delete BorrowRecord test_m4
66,yaozeliang,2021-08-03 18:06:19.234864+00:00,danger,BorrowRecord,Delete BorrowRecord test_m4
67,yaozeliang,2021-08-03 18:06:20.219175+00:00,danger,BorrowRecord,Delete BorrowRecord test_m7
68,yaozeliang,2021-08-03 18:13:37.545927+00:00,success,BorrowRecord, 'John Brown' borrowed <<Your Titleo>>
69,yaozeliang,2021-08-03 18:24:36.410667+00:00,success,BorrowRecord, 'test_m1' borrowed <<Test Title>>
70,yaozeliang,2021-08-03 18:24:40.317420+00:00,danger,BorrowRecord,Delete BorrowRecord John Brown
71,yaozeliang,2021-08-03 18:26:04.855577+00:00,danger,BorrowRecord,Delete BorrowRecord test_m1
72,yaozeliang,2021-08-03 18:26:20.180396+00:00,success,BorrowRecord, 'John Johnson' borrowed <<Harry Potter Children's Collection>>
73,yaozeliang,2021-08-03 18:32:27.196255+00:00,success,BorrowRecord, 'John Brown' borrowed <<Harry Potter Children's Collection>>
74,yaozeliang,2021-08-03 18:41:38.360768+00:00,success,BorrowRecord, 'John Brown' borrowed <<Harry Potter Children's Collection>>
75,yaozeliang,2021-08-03 18:44:13.663816+00:00,success,BorrowRecord, 'test_m3' borrowed <<Your Titleo>>
76,yaozeliang,2021-08-03 18:44:59.761830+00:00,success,BorrowRecord, 'John Johnson' borrowed <<Test Title>>
77,yaozeliang,2021-08-03 18:54:38.355012+00:00,success,Book,Create Book << Amazing Test Book >>
78,yaozeliang,2021-08-03 18:54:48.257682+00:00,warning,Book,Update Book << Amazing Test Book >>
79,yaozeliang,2021-08-03 18:55:06.736069+00:00,warning,Book,Update Book << Amazing Test Book >>
80,yaozeliang,2021-08-03 18:55:54.807214+00:00,warning,Book,Update Book << Test Title >>
81,yaozeliang,2021-08-03 18:56:03.515515+00:00,warning,Book,Update Book << Amazing Test Book >>
82,yaozeliang,2021-08-03 18:56:30.180451+00:00,success,BorrowRecord, 'John Brown' borrowed <<Amazing Test Book>>
83,yaozeliang,2021-08-03 19:04:25.490598+00:00,danger,BorrowRecord,Delete BorrowRecord test_m3
84,yaozeliang,2021-08-03 19:04:26.289631+00:00,danger,BorrowRecord,Delete BorrowRecord John Brown
85,yaozeliang,2021-08-03 19:04:27.045728+00:00,danger,BorrowRecord,Delete BorrowRecord John Johnson
86,yaozeliang,2021-08-03 19:04:43.458849+00:00,success,BorrowRecord, 'John Brown' borrowed <<Amazing Test Book>>
87,yaozeliang,2021-08-03 19:05:57.444310+00:00,success,BorrowRecord, 'test_m6' borrowed <<Amazing Test Book>>
88,yaozeliang,2021-08-03 19:07:37.880108+00:00,danger,BorrowRecord,Delete BorrowRecord John Brown
89,yaozeliang,2021-08-03 19:07:38.830417+00:00,danger,BorrowRecord,Delete BorrowRecord test_m6
90,yaozeliang,2021-08-03 19:07:47.120655+00:00,success,BorrowRecord, 'John Brown' borrowed <<Amazing Test Book>>
91,yaozeliang,2021-08-03 19:21:12.346049+00:00,success,BorrowRecord, 'Andrew Green' borrowed <<Amazing Test Book>>
92,yaozeliang,2021-08-03 19:21:18.358961+00:00,danger,BorrowRecord,Delete BorrowRecord Andrew Green
93,yaozeliang,2021-08-03 19:21:27.725222+00:00,success,BorrowRecord, 'Andrew Green' borrowed <<Amazing Test Book>>
94,yaozeliang,2021-08-03 20:17:09.419967+00:00,success,Book,Create Book << Best Book >>
95,yaozeliang,2021-08-03 20:17:32.727403+00:00,warning,Book,Update Book << Best Book >>
96,yaozeliang,2021-08-03 20:18:31.194942+00:00,success,Member,Create Member << Claire Andson >>
97,yaozeliang,2021-08-03 20:36:17.553533+00:00,success,BorrowRecord, 'John Brown' borrowed <<Harry Potter Children's Collection>>
98,yaozeliang,2021-08-03 20:37:03.883997+00:00,success,BorrowRecord, 'Claire Andson' borrowed <<MarkdownTestA>>
99,yaozeliang,2021-08-03 20:37:29.522495+00:00,danger,BorrowRecord,Delete BorrowRecord Claire Andson
100,yaozeliang,2021-08-03 20:37:50.353722+00:00,success,BorrowRecord, 'Andrew Green' borrowed <<MarkdownTestA>>
101,yaozeliang,2021-08-03 20:44:06.705308+00:00,success,BorrowRecord, 'test_m1' borrowed <<T1>>
102,yaozeliang,2021-08-03 20:46:04.301828+00:00,success,BorrowRecord, 'John Johnson' borrowed <<Best Book>>
103,yaozeliang,2021-08-04 07:49:52.811657+00:00,danger,BorrowRecord,Delete BorrowRecord John Johnson
104,yaozeliang,2021-08-04 08:25:38.317474+00:00,success,BorrowRecord, 'John Brown' borrowed <<Best Book>>
105,yaozeliang,2021-08-04 18:14:31.781467+00:00,success,BorrowRecord, 'John Brown' borrowed <<Best Book>>
106,yaozeliang,2021-08-04 18:14:36.718553+00:00,danger,BorrowRecord,Delete BorrowRecord John Brown
107,yaozeliang,2021-08-04 18:14:38.317228+00:00,danger,BorrowRecord,Delete BorrowRecord Andrew Green
108,yaozeliang,2021-08-04 18:14:39.322509+00:00,danger,BorrowRecord,Delete BorrowRecord Andrew Green
109,yaozeliang,2021-08-04 18:14:40.086230+00:00,danger,BorrowRecord,Delete BorrowRecord test_m1
110,yaozeliang,2021-08-04 18:14:43.511607+00:00,danger,BorrowRecord,Delete BorrowRecord John Brown
111,yaozeliang,2021-08-04 18:43:45.625752+00:00,success,BorrowRecord, 'John Brown' borrowed <<Amazing Test Book>>
112,admin_1,2021-08-04 18:49:13.698766+00:00,success,Member,Create Member << Emilia >>
113,admin_1,2021-08-04 18:50:28.290081+00:00,success,BorrowRecord, 'Emilia' borrowed <<Best Book>>
114,yaozeliang,2021-08-05 10:03:22.267961+00:00,success,Publisher,Create Publisher << Fake Pub 5 >>
115,yaozeliang,2021-08-05 10:15:56.456222+00:00,warning,Member,Update Member << Emilia >>
116,yaozeliang,2021-08-05 10:16:52.846104+00:00,warning,Member,Update Member << Emilia >>
117,yaozeliang,2021-08-05 10:19:55.861341+00:00,warning,Member,Update Member << Emilia >>
118,yaozeliang,2021-08-05 10:20:48.180587+00:00,warning,Member,Update Member << Emilia >>
119,yaozeliang,2021-08-05 13:02:42.473578+00:00,warning,Member,Update Member << Emilia >>
120,yaozeliang,2021-08-05 13:19:40.909554+00:00,success,BorrowRecord, 'John Brown' borrowed <<Amazing Test Book>>
121,yaozeliang,2021-08-05 13:25:17.890913+00:00,danger,BorrowRecord,Delete BorrowRecord John Brown
122,yaozeliang,2021-08-05 14:06:12.447557+00:00,success,Member,Create Member << anderson green >>
123,yaozeliang,2021-08-05 14:08:39.067774+00:00,success,BorrowRecord, 'anderson green' borrowed <<Best Book>>
124,yaozeliang,2021-08-07 17:28:02.222706+00:00,success,BorrowRecord, 'Claire Andson' borrowed <<Harry Potter Children's Collection>>
125,yaozeliang,2021-08-07 17:29:19.735308+00:00,success,Book,Create Book << Harry Potter and magic stone >>
126,yaozeliang,2021-08-07 17:29:54.591315+00:00,success,BorrowRecord, 'Claire Andson' borrowed <<Harry Potter and magic stone>>
127,yaozeliang,2021-08-07 19:16:50.162457+00:00,success,BorrowRecord, 'Claire Andson' borrowed <<Best Book>>
128,yaozeliang,2021-08-09 10:49:15.158645+00:00,warning,Book,Update Book << Harry Potter and magic stone >>
129,admin_1,2021-08-09 17:18:10.590281+00:00,success,Category,Create Category << xxxxxxxxxxx >>
130,admin_1,2021-08-09 17:22:34.541601+00:00,success,Category,Create Category << xxxxxxxxxxx >>
131,admin_1,2021-08-09 17:24:09.357405+00:00,danger,Category,Delete Category << xxxxxxxxxxx >>
132,admin_1,2021-08-09 17:25:34.678693+00:00,danger,Category,Delete Category << xxxxxxxxxxx >>
133,admin_1,2021-08-09 17:27:38.028719+00:00,success,Category,Create Category << qqqqqqqqq >>
134,admin_1,2021-08-09 17:27:47.653012+00:00,success,Category,Create Category << 7777 >>
135,admin_1,2021-08-09 17:28:54.656284+00:00,danger,Category,Delete Category << 7777 >>
136,admin_1,2021-08-09 17:29:13.413340+00:00,success,Category,Create Category << Fashion >>
137,admin_1,2021-08-09 17:29:34.340160+00:00,success,Category,Create Category << 7777 >>
138,admin_1,2021-08-09 17:36:05.247955+00:00,danger,Category,Delete Category << 7777 >>
139,admin_1,2021-08-09 17:38:05.707812+00:00,success,Member,Create Member << test_m99 >>
140,admin_1,2021-08-09 17:48:11.524450+00:00,danger,Category,Delete Category << qqqqqqqqq >>
141,admin_1,2021-08-09 17:54:01.132101+00:00,success,BorrowRecord, 'John Brown' borrowed <<Harry Potter and magic stone>>
142,yaozeliang,2021-08-09 18:07:42.102143+00:00,success,BorrowRecord, 'test_m99' borrowed <<T1>>
143,yaozeliang,2021-08-11 14:33:32.659991+00:00,danger,BorrowRecord,Close BorrowRecord 'John Brown'=>Best Book
144,yaozeliang,2021-08-11 15:13:58.291222+00:00,danger,BorrowRecord,Close BorrowRecord 'anderson green'=>Best Book
145,yaozeliang,2021-08-11 17:31:01.566297+00:00,danger,BorrowRecord,Close BorrowRecord 'John Brown'=>Amazing Test Book
147,admin_1,2021-08-11 20:57:56.572365+00:00,success,BorrowRecord, 'test_m3' borrowed <<Harry Potter Children's Collection>>
148,admin_1,2021-08-11 21:02:00.804941+00:00,success,BorrowRecord, 'test_m1' borrowed <<Your Titleo>>
150,yaozeliang,2021-08-11 21:06:46.497540+00:00,success,BorrowRecord, 'Andrew Green' borrowed <<Your Titleo>>
152,yaozeliang,2021-08-11 21:09:53.463007+00:00,danger,BorrowRecord,Delete BorrowRecord John Brown
153,yaozeliang,2021-08-11 21:09:56.763366+00:00,danger,BorrowRecord,Delete BorrowRecord Emilia
154,yaozeliang,2021-08-11 21:17:41.989569+00:00,danger,BorrowRecord,Delete BorrowRecord Andrew Green
155,yaozeliang,2021-08-11 21:19:27.082371+00:00,warning,Book,Update Book << T1 >>
156,yaozeliang,2021-08-11 21:20:01.173806+00:00,success,BorrowRecord, 'test_m99' borrowed <<T1>>
157,yaozeliang,2021-08-11 21:20:15.707842+00:00,info,BorrowRecord,Close BorrowRecord 'test_m99'=>T1
158,yaozeliang,2021-08-11 21:20:56.314433+00:00,danger,BorrowRecord,Delete BorrowRecord test_m99
159,admin_1,2021-08-12 12:56:18.990127+00:00,success,BorrowRecord, 'test_m7' borrowed <<Harry Potter and magic stone>>
160,admin_1,2021-08-12 12:57:51.874676+00:00,success,BorrowRecord, 'test_m7' borrowed <<Amazing Test Book>>
161,admin_1,2021-08-12 13:04:57.823761+00:00,info,BorrowRecord,Close BorrowRecord 'test_m7'=>Amazing Test Book
162,admin_1,2021-08-12 13:05:34.054847+00:00,info,BorrowRecord,Close BorrowRecord 'test_m7'=>Amazing Test Book
163,admin_1,2021-08-12 13:06:54.045355+00:00,info,BorrowRecord,Close BorrowRecord 'test_m7'=>Amazing Test Book
164,admin_1,2021-08-12 13:39:02.209886+00:00,success,Member,Create Member << test_100 >>
165,admin_1,2021-08-12 13:40:14.251878+00:00,success,BorrowRecord, 'test_100' borrowed <<Harry Potter Children's Collection>>
166,admin_1,2021-08-12 13:41:07.062418+00:00,success,BorrowRecord, 'test_100' borrowed <<Harry Potter Children's Collection>>
167,admin_1,2021-08-12 13:44:30.143577+00:00,success,BorrowRecord, 'test_100' borrowed <<Amazing Test Book>>
168,admin_1,2021-08-12 13:54:21.681812+00:00,warning,Book,Update Book << Harry Potter Children's Collection >>
169,admin_1,2021-08-12 13:54:31.754149+00:00,warning,Book,Update Book << Harry Potter Children's Collection >>
170,admin_1,2021-08-12 13:55:07.543404+00:00,success,BorrowRecord, 'anderson green' borrowed <<Harry Potter Children's Collection>>
171,admin_1,2021-08-12 13:58:30.313231+00:00,success,BorrowRecord, 'test_m1' borrowed <<Harry Potter Children's Collection>>
172,admin_1,2021-08-12 14:00:06.795546+00:00,success,BorrowRecord, 'test_m1' borrowed <<Amazing Test Book>>
173,admin_1,2021-08-12 14:00:23.317300+00:00,success,BorrowRecord, 'Andrew Green' borrowed <<Harry Potter and magic stone>>
174,admin_1,2021-08-12 14:01:56.614806+00:00,success,BorrowRecord, 'Andrew Green' borrowed <<Harry Potter Children's Collection>>
175,admin_1,2021-08-12 14:02:16.749360+00:00,success,BorrowRecord, 'Claire Andson' borrowed <<MarkdownTestA>>
176,admin_1,2021-08-12 14:02:27.737923+00:00,success,BorrowRecord, 'Andrew Green' borrowed <<MarkdownTestA>>
177,yaozeliang,2021-08-12 14:11:20.531133+00:00,info,BorrowRecord,Close BorrowRecord 'test_100'=>Amazing Test Book
178,yaozeliang,2021-08-12 14:15:14.837373+00:00,info,BorrowRecord,Close BorrowRecord 'test_m1'=>Amazing Test Book
179,yaozeliang,2021-08-12 14:16:12.999322+00:00,success,BorrowRecord, 'test_100' borrowed <<Harry Potter and magic stone>>
180,yaozeliang,2021-08-12 14:26:27.621437+00:00,info,BorrowRecord,Close BorrowRecord 'Claire Andson'=>MarkdownTestA
181,yaozeliang,2021-08-12 14:26:33.098497+00:00,info,BorrowRecord,Close BorrowRecord 'Andrew Green'=>MarkdownTestA
182,yaozeliang,2021-08-12 18:48:02.871142+00:00,success,BorrowRecord, 'test_m3' borrowed <<Harry Potter Children's Collection>>
183,yaozeliang,2021-08-12 18:48:33.906963+00:00,success,BorrowRecord, 'test_m1' borrowed <<Harry Potter and magic stone>>
184,yaozeliang,2021-08-12 18:49:06.109252+00:00,success,BorrowRecord, 'test_m1' borrowed <<MarkdownTestA>>
185,yaozeliang,2021-08-13 07:23:12.372806+00:00,success,BorrowRecord, 'John Brown' borrowed <<Test Title>>
186,yaozeliang,2021-08-13 07:23:25.461429+00:00,info,BorrowRecord,Close BorrowRecord 'test_m1'=>MarkdownTestA
187,yaozeliang,2021-08-13 13:12:35.311529+00:00,success,BorrowRecord, 'test_100' borrowed <<Your Titleo>>
188,yaozeliang,2021-08-13 13:31:30.458197+00:00,info,BorrowRecord,Close BorrowRecord 'test_100'=>Your Titleo
189,yaozeliang,2021-08-13 13:37:31.032487+00:00,warning,Book,Update Book << Test Title >>
190,yaozeliang,2021-08-13 13:41:11.689347+00:00,success,Member,Create Member << Last Member >>
191,yaozeliang,2021-08-14 18:28:06.802772+00:00,danger,BorrowRecord,Delete BorrowRecord test_100
192,yaozeliang,2021-08-15 16:27:36.579960+00:00,success,BorrowRecord, 'test_100' borrowed <<T3>>
193,yaozeliang,2021-08-15 17:03:24.373812+00:00,danger,BorrowRecord,Delete BorrowRecord test_m1
194,yaozeliang,2021-08-15 17:03:28.718120+00:00,danger,BorrowRecord,Delete BorrowRecord Claire Andson
195,yaozeliang,2021-08-15 17:03:32.182294+00:00,danger,BorrowRecord,Delete BorrowRecord test_100
196,yaozeliang,2021-08-15 17:03:33.948205+00:00,danger,BorrowRecord,Delete BorrowRecord test_m7
197,yaozeliang,2021-08-15 17:05:05.252269+00:00,danger,BorrowRecord,Delete BorrowRecord John Brown
198,yaozeliang,2021-08-15 17:05:07.318324+00:00,danger,BorrowRecord,Delete BorrowRecord test_m99
199,yaozeliang,2021-08-15 17:05:09.133681+00:00,danger,BorrowRecord,Delete BorrowRecord test_m1
200,yaozeliang,2021-08-15 17:05:11.574608+00:00,danger,BorrowRecord,Delete BorrowRecord Claire Andson
201,yaozeliang,2021-08-15 17:05:12.928594+00:00,danger,BorrowRecord,Delete BorrowRecord anderson green
202,yaozeliang,2021-08-15 17:05:14.760476+00:00,danger,BorrowRecord,Delete BorrowRecord test_m1
203,yaozeliang,2021-08-15 17:05:26.487129+00:00,danger,BorrowRecord,Delete BorrowRecord Andrew Green
204,yaozeliang,2021-08-15 17:06:22.085944+00:00,success,BorrowRecord, 'test_100' borrowed <<T3>>
205,yaozeliang,2021-08-15 17:07:22.113490+00:00,success,BorrowRecord, 'test_100' borrowed <<T3>>
206,yaozeliang,2021-08-16 09:14:56.456104+00:00,success,Category,Create Category << 黄金年代 >>
207,yaozeliang,2021-08-16 12:42:44.460772+00:00,success,BorrowRecord, 'test_100' borrowed <<MarkdownTestA>>
208,yaozeliang,2021-08-16 12:46:44.160902+00:00,success,BorrowRecord, 'test_m2' borrowed <<Harry Potter Children's Collection>>
209,yaozeliang,2021-08-16 12:47:13.121978+00:00,success,BorrowRecord, 'test_m2' borrowed <<Harry Potter Children's Collection>>
210,yaozeliang,2021-08-16 12:48:11.174554+00:00,success,BorrowRecord, 'Emilia' borrowed <<Amazing Test Book>>
211,yaozeliang,2021-08-16 12:53:15.603858+00:00,info,BorrowRecord,Close BorrowRecord 'Emilia'=>Amazing Test Book
212,yaozeliang,2021-08-18 18:28:32.226164+00:00,danger,Category,Delete Category << 黄金年代 >>
213,admin_2,2021-08-20 08:27:25.469750+00:00,success,Publisher,Create Publisher << 黄金年代 >>
214,admin_2,2021-08-20 08:27:30.888914+00:00,warning,Publisher,Update Publisher << 黄金年代 >>
215,admin_2,2021-08-20 08:27:32.784791+00:00,danger,Publisher,Delete Publisher << 黄金 >>
216,admin_2,2021-08-20 08:28:50.853179+00:00,success,BorrowRecord, 'Last Member' borrowed <<Harry Potter Children's Collection>>
217,admin_2,2021-08-20 08:29:21.624419+00:00,success,BorrowRecord, 'Last Member' borrowed <<Harry Potter Children's Collection>>
218,admin_2,2021-08-20 08:29:59.017471+00:00,success,BorrowRecord, 'Claire Andson' borrowed <<MarkdownTestA>>
219,admin_2,2021-08-20 08:36:53.796074+00:00,info,BorrowRecord,Close BorrowRecord 'Claire Andson'=>MarkdownTestA
220,admin_2,2021-08-20 08:38:55.984969+00:00,success,Book,Create Book << My favourite >>
221,admin_2,2021-08-20 08:39:31.148407+00:00,success,BorrowRecord, 'Claire Andson' borrowed <<My favourite>>
222,admin_2,2021-08-20 08:40:35.524210+00:00,info,BorrowRecord,Close BorrowRecord 'Claire Andson'=>My favourite
223,admin_2,2021-08-25 21:48:41.836060+00:00,success,BorrowRecord, 'Last Member' borrowed <<My favourite>>
224,admin_2,2021-08-26 12:58:19.827200+00:00,success,BorrowRecord, 'Emilia' borrowed <<MarkdownTestA>>
225,admin_1,2021-08-27 20:22:47.814476+00:00,success,Category,Create Category << 黄金年代 >>
226,admin_1,2021-08-27 20:26:56.835721+00:00,success,Category,Create Category << 黄金年代 >>
227,admin_1,2021-08-27 20:27:00.496092+00:00,danger,Category,Delete Category << 黄金年代 >>
228,admin_1,2021-08-27 20:27:01.808335+00:00,danger,Category,Delete Category << 黄金年代 >>
229,admin_1,2021-08-27 20:27:04.875884+00:00,success,Category,Create Category << 黄金年代 >>
230,admin_1,2021-08-28 11:30:12.071332+00:00,danger,Category,Delete Category << 黄金年代 >>
231,admin_1,2021-08-28 11:30:16.170271+00:00,success,Category,Create Category << 黄金年代 >>
232,admin_1,2021-08-28 11:35:34.664428+00:00,danger,Category,Delete Category << 黄金年代 >>
233,admin_1,2021-08-28 11:35:38.654250+00:00,success,Category,Create Category << 黄金年代 >>
234,admin_1,2021-08-28 11:40:02.721361+00:00,danger,Category,Delete Category << 黄金年代 >>
235,yaozeliang,2021-08-29 14:39:26.944445+00:00,success,BorrowRecord, 'test_m5' borrowed <<Harry Potter Children's Collection>>
236,yaozeliang,2021-08-29 14:39:47.546506+00:00,success,BorrowRecord, 'test_m99' borrowed <<MarkdownTestA>>
237,admin_1,2021-08-29 15:14:32.442072+00:00,success,Category,Create Category << Headphone >>
238,admin_1,2021-08-29 15:19:03.817905+00:00,success,Category,Create Category << Watch >>
239,admin_1,2021-08-29 15:19:06.235657+00:00,danger,Category,Delete Category << Headphone >>
240,admin_1,2021-08-29 15:19:09.322119+00:00,danger,Category,Delete Category << Watch >>
241,admin_1,2021-08-29 15:19:41.053458+00:00,success,Member,Create Member << Lora >>
242,admin_1,2021-08-29 15:21:24.693753+00:00,success,Category,Create Category << 黄金年代 >>
243,admin_1,2021-08-29 15:21:27.061062+00:00,danger,Category,Delete Category << 黄金年代 >>
244,admin_1,2021-08-29 15:23:08.555738+00:00,success,Category,Create Category << Zeliang YAO >>
245,admin_1,2021-08-29 15:23:35.481619+00:00,danger,Member,Delete Member << Lora >>
246,admin_1,2021-08-29 15:29:50.508861+00:00,danger,Category,Delete Category << Zeliang YAO >>
247,admin_1,2021-08-29 15:29:55.170641+00:00,success,Category,Create Category << Zeliang YAO >>
248,admin_1,2021-08-29 15:33:01.342620+00:00,success,Member,Create Member << lora >>
249,admin_1,2021-08-29 15:33:10.459261+00:00,danger,Category,Delete Category << Zeliang YAO >>
250,admin_1,2021-08-29 15:33:23.264330+00:00,success,Category,Create Category << Fake Cat 67 >>
251,admin_1,2021-08-29 15:36:27.856572+00:00,warning,Member,Update Member << lora >>
252,admin_1,2021-08-29 15:36:30.948949+00:00,danger,Member,Delete Member << lora >>
253,admin_1,2021-08-29 18:56:11.662209+00:00,success,Category,Create Category << Fake Cat 999 >>
254,admin_1,2021-08-29 18:56:15.582323+00:00,danger,Category,Delete Category << Fake Cat 999 >>
255,admin_1,2021-08-29 18:56:57.519707+00:00,success,Member,Create Member << Lousen >>
256,admin_1,2021-08-29 19:08:52.039674+00:00,danger,Category,Delete Category << Fake Cat 67 >>
257,admin_1,2021-08-29 19:59:17.000059+00:00,success,Category,Create Category << Database >>
258,admin_1,2021-08-29 19:59:34.136831+00:00,success,Category,Create Category << Database >>
259,admin_1,2021-08-29 19:59:37.959043+00:00,danger,Category,Delete Category << Database >>
260,admin_1,2021-08-29 19:59:40.750534+00:00,danger,Category,Delete Category << Database >>
261,admin_1,2021-08-29 20:06:07.127690+00:00,success,Category,Create Category << Fake Cat 888 >>
262,admin_1,2021-08-29 20:06:09.669391+00:00,danger,Category,Delete Category << Fake Cat 888 >>
263,yaozeliang,2021-08-29 20:06:48.823434+00:00,success,Category,Create Category << Watch >>
264,yaozeliang,2021-08-29 20:09:01.738648+00:00,success,Category,Create Category << Zeliang YAO >>
265,yaozeliang,2021-08-29 20:09:03.459294+00:00,danger,Category,Delete Category << Watch >>
266,yaozeliang,2021-08-29 20:09:07.308874+00:00,danger,Category,Delete Category << Zeliang YAO >>
267,yaozeliang,2021-08-29 20:14:13.393048+00:00,success,Category,Create Category << 黄金年代 >>
268,yaozeliang,2021-08-29 20:14:15.064311+00:00,danger,Category,Delete Category << 黄金年代 >>
269,yaozeliang,2021-08-29 20:18:41.201056+00:00,success,Category,Create Category << test_m3 >>
270,yaozeliang,2021-08-29 20:18:43.409842+00:00,danger,Category,Delete Category << test_m3 >>
271,admin_2,2021-08-29 20:31:19.880251+00:00,success,Category,Create Category << test_m4 >>
272,admin_2,2021-08-29 20:31:21.735334+00:00,danger,Category,Delete Category << test_m4 >>
273,admin_2,2021-08-29 20:38:01.102494+00:00,success,Publisher,Create Publisher << Fake Pub 99 >>
274,admin_2,2021-08-29 20:39:39.424821+00:00,danger,Publisher,Delete Publisher << Fake Pub 99 >>
275,admin_1,2021-08-29 20:44:12.031269+00:00,success,Category,Create Category << Lousen >>
276,admin_1,2021-08-29 20:44:15.345039+00:00,danger,Category,Delete Category << Lousen >>
277,admin_1,2021-08-29 20:44:45.521795+00:00,success,Publisher,Create Publisher << Fake Pub 98 >>
278,admin_1,2021-08-29 20:44:50.733586+00:00,danger,Publisher,Delete Publisher << Fake Pub 98 >>
279,admin_1,2021-08-29 20:47:15.121010+00:00,success,Category,Create Category << anderson green >>
280,admin_1,2021-08-29 20:47:16.834359+00:00,danger,Category,Delete Category << anderson green >>
281,admin_1,2021-08-29 20:47:41.837927+00:00,success,Publisher,Create Publisher << Fake Pub 900 >>
282,admin_1,2021-08-29 20:47:44.178668+00:00,danger,Publisher,Delete Publisher << Fake Pub 900 >>
283,yaozeliang,2021-08-29 20:48:45.861527+00:00,success,Category,Create Category << test_m4 >>
284,yaozeliang,2021-08-29 20:48:47.705591+00:00,danger,Category,Delete Category << test_m4 >>
285,yaozeliang,2021-08-29 20:52:02.960003+00:00,success,Category,Create Category << test_m4 >>
286,yaozeliang,2021-08-29 20:52:05.002416+00:00,danger,Category,Delete Category << test_m4 >>
287,yaozeliang,2021-08-29 20:57:26.196985+00:00,success,Publisher,Create Publisher << Fake Pub 99 >>
288,yaozeliang,2021-08-29 20:57:33.020990+00:00,danger,Publisher,Delete Publisher << Fake Pub 99 >>
289,yaozeliang,2021-08-30 12:01:38.461093+00:00,info,BorrowRecord,Close BorrowRecord 'Last Member'=>My favourite
290,yaozeliang,2021-08-30 12:01:48.163747+00:00,info,BorrowRecord,Close BorrowRecord 'Last Member'=>My favourite
291,yaozeliang,2021-08-30 12:05:14.644588+00:00,info,BorrowRecord,Close BorrowRecord 'Last Member'=>My favourite
292,yaozeliang,2021-08-30 12:10:10.957216+00:00,info,BorrowRecord,Close BorrowRecord 'Emilia'=>MarkdownTestA
293,yaozeliang,2021-08-30 12:11:35.988822+00:00,info,BorrowRecord,Close BorrowRecord 'Emilia'=>MarkdownTestA
294,yaozeliang,2021-08-30 12:12:54.735155+00:00,info,BorrowRecord,Close BorrowRecord 'Emilia'=>MarkdownTestA
295,yaozeliang,2021-08-30 12:13:03.425889+00:00,info,BorrowRecord,Close BorrowRecord 'Emilia'=>MarkdownTestA
296,yaozeliang,2021-08-30 12:14:10.121513+00:00,info,BorrowRecord,Close BorrowRecord 'test_m99'=>MarkdownTestA
297,yaozeliang,2021-08-30 12:14:37.487844+00:00,info,BorrowRecord,Close BorrowRecord 'test_m99'=>MarkdownTestA
298,yaozeliang,2021-08-30 12:15:02.923826+00:00,info,BorrowRecord,Close BorrowRecord 'test_m99'=>MarkdownTestA
299,yaozeliang,2021-08-30 12:15:19.966575+00:00,info,BorrowRecord,Close BorrowRecord 'test_m99'=>MarkdownTestA
300,yaozeliang,2021-08-30 12:15:26.745946+00:00,info,BorrowRecord,Close BorrowRecord 'test_m99'=>MarkdownTestA
301,yaozeliang,2021-08-30 12:15:41.218175+00:00,info,BorrowRecord,Close BorrowRecord 'Emilia'=>MarkdownTestA
302,yaozeliang,2021-08-30 12:15:54.522634+00:00,info,BorrowRecord,Close BorrowRecord 'Emilia'=>MarkdownTestA
303,yaozeliang,2021-08-30 12:15:59.006640+00:00,info,BorrowRecord,Close BorrowRecord 'Emilia'=>MarkdownTestA
304,yaozeliang,2021-08-30 12:16:16.222202+00:00,info,BorrowRecord,Close BorrowRecord 'test_m99'=>MarkdownTestA
305,yaozeliang,2021-08-30 12:17:09.282854+00:00,info,BorrowRecord,Close BorrowRecord 'Emilia'=>MarkdownTestA
306,yaozeliang,2021-08-30 12:17:28.946049+00:00,info,BorrowRecord,Close BorrowRecord 'test_m99'=>MarkdownTestA
307,yaozeliang,2021-09-01 08:52:53.523028+00:00,success,Member,Create Member << Septemper User >>
